row_index,fold,y_true,p
6,0,0,0.001340864408539018
8,0,0,0.00024008436352639673
9,0,0,0.00828601726657578
10,0,0,0.0010187171070554747
23,0,0,0.0007670246745856231
26,0,0,0.0006577057199229319
29,0,0,0.0002550057823477913
32,0,0,0.00040403351748208863
41,0,0,0.0009022223505763149
46,0,1,0.9994958538066498
48,0,1,0.9994978969145726
49,0,1,0.9995498164814552
58,0,1,0.9997412980847216
59,0,1,0.9996916740762763
61,0,1,0.9998249933494783
76,0,1,0.9999048821576493
84,0,1,0.9996280112532466
86,0,1,0.9989825252925885
87,0,1,0.9997552899611724
88,0,1,0.9996933983600025
95,0,1,0.9995545000535626
103,0,1,0.9988786379530349
110,0,1,0.9990163721042906
121,0,1,0.9994890352023085
127,0,1,0.991008969705404
130,0,1,0.9996687991352592
132,0,1,0.9996579781612744
137,0,1,0.9982946257076545
140,0,1,0.9983107266480786
141,0,1,0.999132241912479
143,0,1,0.998501425581457
144,0,1,0.99899680535659
161,0,1,0.999546505446872
163,0,1,0.9997284845354638
172,0,1,0.9995972128498996
192,0,1,0.9998684844203662
194,0,1,0.9996656201198583
199,0,1,0.9997575319637731
200,0,1,0.9983924858535846
204,0,1,0.999682184142443
209,0,1,0.999658011260456
217,0,1,0.999112560679278
222,0,1,0.999644831925117
225,0,1,0.9992376941239276
227,0,1,0.9996620831992697
234,0,1,0.9997637141948114
247,0,1,0.9990953662894042
248,0,1,0.9996898326389034
249,0,1,0.999810516304353
250,0,1,0.9998379906327468
256,0,1,0.9995958737161159
258,0,1,0.9994353468872481
259,0,1,0.9999976324233605
260,0,1,0.9998749376908513
264,0,1,0.9999309003794467
271,0,1,0.9998715857804085
281,0,1,0.9993999154085287
284,0,1,0.9998639460744898
290,0,1,0.9998372277466061
295,0,1,0.9995088379709343
299,0,1,0.9998455090655983
302,0,1,0.9999018618540185
312,0,1,0.9999336852330474
315,0,1,0.9995865348736991
317,0,1,0.9995614267807615
320,0,1,0.9995234527431424
324,0,1,0.9997132796921445
325,0,1,0.9992298232667683
337,0,1,0.9996614966043889
343,0,1,0.999241804359119
353,0,1,0.9996547695142884
358,0,1,0.9983768306711828
377,0,1,0.9996969419179146
387,0,1,0.9993918930924303
404,0,1,0.9979918042188677
425,0,1,0.9998081215690723
426,0,1,0.999384530036512
429,0,1,0.9999956226000973
438,0,1,0.9999884578881562
443,0,1,0.9998992098325331
447,0,1,0.9994582868377123
450,0,1,0.9995609261107101
480,0,1,0.9999639344321581
481,0,1,0.9993121472851214
482,0,1,0.9997485790234938
485,0,1,0.998852740869857
494,0,1,0.9998050486685202
495,0,1,0.9999166403191282
513,0,1,0.999872857078728
514,0,1,0.9995425780956163
526,0,1,0.9984779394670251
531,0,1,0.998163369503082
533,0,1,0.9996386722025421
535,0,1,0.9999493525658544
536,0,1,0.9999385466856335
561,0,1,0.999862564873765
562,0,1,0.9999982183124873
566,0,1,0.9998621647978088
568,0,1,0.9995083357745208
575,0,1,0.9999231085292533
576,0,1,0.9998188704960946
578,0,1,0.9991989633766644
579,0,1,0.999827144593954
581,0,1,0.9999409082480719
583,0,1,0.9989659677223502
584,0,1,0.9997614916856732
587,0,1,0.9986246232292297
589,0,1,0.9995740099308335
600,0,1,0.9997255815336934
601,0,1,0.9997203839050933
603,0,1,0.9979661655912392
609,0,1,0.9997379659560711
610,0,1,0.999651296842516
613,0,1,0.9998490054902912
621,0,1,0.9994916870413038
622,0,1,0.9998701128128568
624,0,1,0.9998436718637768
630,0,1,0.9999738837754174
631,0,1,0.99987325202161
636,0,1,0.999768273744381
648,0,1,0.9998183407424247
654,0,1,0.9997339731361017
657,0,1,0.9997945981317379
658,0,1,0.9989791051923106
660,0,1,0.999712806773606
667,0,1,0.9992224104741418
668,0,1,0.998377880439565
670,0,1,0.9998176830400777
681,0,1,0.9997920551280987
685,0,1,0.999850656475461
688,0,1,0.999069222522271
689,0,1,0.9997686991359226
690,0,1,0.9997243749753947
693,0,1,0.9999986592155541
695,0,1,0.999890867925127
697,0,1,0.9996992842372109
699,0,1,0.9999019401808315
707,0,1,0.9996839790799609
711,0,1,0.9999051148861439
716,0,1,0.9998579073587399
717,0,1,0.9997555540908336
740,0,1,0.9999582126577946
742,0,1,0.9997365502903773
744,0,1,0.999810824723068
745,0,1,0.9995721517462869
746,0,1,0.9997129147432966
752,0,1,0.9995636059186251
762,0,1,0.9998046314114839
771,0,1,0.9996274881341218
773,0,1,0.9997611902314314
777,0,1,0.9998236675144204
778,0,1,0.9997682746026969
779,0,1,0.9996959356580712
782,0,1,0.9996248966587072
783,0,1,0.9996700459533809
784,0,1,0.9999327391391958
797,0,1,0.9995303547706537
798,0,1,0.9994744538612392
800,0,1,0.9998491206485434
803,0,1,0.9996683395664514
806,0,1,0.9995958084955303
811,0,1,0.9997202480645441
816,0,1,0.9990288666768451
818,0,1,0.9998798040854084
819,0,1,0.9999783371516616
820,0,1,0.9994274620747537
824,0,1,0.9997846230623243
825,0,1,0.9998194425340315
827,0,1,0.9995043197489781
828,0,1,0.9998844480969189
835,0,1,0.999996124349361
850,0,1,0.9999078871836257
854,0,1,0.9998476581842151
855,0,1,0.8882465163504975
861,0,1,0.9051021857092385
870,0,1,0.9999930763946775
880,0,1,0.9999320986880182
890,0,1,0.9998688620314606
897,0,1,0.9995258563893072
902,0,1,0.9998242569545549
911,0,1,0.9997448433212169
915,0,1,0.9996737274784916
917,0,1,0.9997460620296195
932,0,1,0.9997652862825139
934,0,1,0.9997634336202634
938,0,1,0.999951695341853
946,0,1,0.9999971654410277
947,0,1,0.9998161547616151
949,0,1,0.9998279444832522
954,0,1,0.9998842870143826
964,0,1,0.9995725186256158
966,0,1,0.9998059186421604
969,0,1,0.9998461008173704
971,0,1,0.9999657995321861
975,0,1,0.9999668356439172
978,0,1,0.9999046957522385
979,0,1,0.999768133871182
986,0,1,0.9999974101986784
990,0,1,0.9991813365023187
994,0,1,0.993035191472567
1005,0,1,0.9885345016487289
1008,0,1,0.999997235908166
1013,0,1,0.9921081165467064
1017,0,1,0.9999992406994983
1021,0,1,0.9999992406994983
1030,0,1,0.9999921403425173
1035,0,1,0.9999974311041867
1036,0,1,0.9999931045419882
1037,0,1,0.9999934388901315
1040,0,1,0.9999932258335918
1054,0,1,0.9999949741276015
1055,0,1,0.9998686007614125
1060,0,1,0.9999992406994983
1068,0,1,0.9999992406994983
1075,0,1,0.9999886764064536
1077,0,1,0.9999992406994983
1085,0,1,0.9999988916865343
1088,0,1,0.9999992406994983
1095,0,1,0.9999961102019441
1096,0,1,0.9999992406994983
1099,0,1,0.994897030508183
1100,0,1,0.9999992406994983
1104,0,1,0.9999494371687075
1112,0,1,0.9999992406994983
1113,0,1,0.9999966241645161
1123,0,1,0.999996112657312
1124,0,1,0.9999992406994983
1127,0,1,0.9996147421900364
1128,0,1,0.9999972185402296
1141,0,1,0.9999992406994983
1147,0,1,0.9999994285989898
1151,0,1,0.9999972407642769
1154,0,1,0.9999969180404543
1155,0,1,0.9984666725159538
1157,0,1,0.9999938282542868
1159,0,1,0.9999994285989898
1163,0,1,0.9999961280553822
1172,0,1,0.9999994285989898
1181,0,1,0.9999978836683894
1187,0,1,0.9999988089384677
1189,0,1,0.9757131567290507
1192,0,1,0.9999969954169049
1198,0,1,0.9999994285989898
1199,0,1,0.9999238567189808
1201,0,1,0.999997942592913
1207,0,1,0.9999984705769759
1209,0,1,0.9999982574631223
1210,0,1,0.9999974966140044
1226,0,1,0.9999414410573213
1243,0,1,0.9999966483805397
1250,0,1,0.9999610616919592
1263,0,1,0.9999957792691099
1271,0,1,0.9999972719074983
1272,0,1,0.9999960749552989
1274,0,1,0.9999968281417778
1276,0,1,0.9999979691291592
1287,0,1,0.9923171900393553
1288,0,1,0.999999086458507
1293,0,1,0.999995687829234
1295,0,1,0.9999975852988324
1307,0,1,0.9999977948346179
1308,0,1,0.9999958981600356
1317,0,1,0.9999988426951854
1318,0,1,0.9999978859298664
1322,0,1,0.9999981714017068
1326,0,1,0.9999956898671041
1327,0,1,0.9999987383640855
7,1,0,0.0022271072317464123
14,1,0,0.002884117136828554
15,1,0,0.0010906797819299479
17,1,0,0.0005524574784370478
18,1,0,0.00011149302141596138
19,1,0,0.004602910154997885
27,1,0,0.0008943443624388359
36,1,0,0.00037737305169829806
42,1,0,0.00014785696678779614
53,1,1,0.9993099664548897
54,1,1,0.9997745376522064
56,1,1,0.9992671823276924
64,1,1,0.9981442950486935
67,1,1,0.9996551151094041
75,1,1,0.9990873335645628
78,1,1,0.9998040403250079
79,1,1,0.99962408088876
83,1,1,0.9996353457240937
94,1,1,0.9984398768710303
96,1,1,0.997941254126276
99,1,1,0.9988578174422025
102,1,1,0.9996839053869981
104,1,1,0.9987714205797529
108,1,1,0.9999964508222131
115,1,1,0.9991683523187701
116,1,1,0.9992537431102098
118,1,1,0.9998751760892091
120,1,1,0.9993544900853029
125,1,1,0.9991131910657255
129,1,1,0.9996705612171848
131,1,1,0.9997565779776304
134,1,1,0.999723414377344
156,1,1,0.9996593446958341
160,1,1,0.9997041192502468
166,1,1,0.9997547340213817
167,1,1,0.9998548698088591
171,1,1,0.99963542756262
183,1,1,0.9995287336055745
196,1,1,0.9817092116036408
197,1,1,0.999791127280661
198,1,1,0.9997976452875372
202,1,1,0.9995168282577811
207,1,1,0.9997952470537622
210,1,1,0.9992360355962326
228,1,1,0.9993350348750106
229,1,1,0.9982607765081652
242,1,1,0.9998827077331324
244,1,1,0.9990860370562321
253,1,1,0.9998454247235815
263,1,1,0.9995773016936484
272,1,1,0.9992763021840888
275,1,1,0.99819917719623
276,1,1,0.9997810290032115
280,1,1,0.9994532799577773
285,1,1,0.9994811208900775
287,1,1,0.9994757354264592
293,1,1,0.9999114410672308
294,1,1,0.9999973235529178
296,1,1,0.9997291555258434
303,1,1,0.9995171917406346
314,1,1,0.9998654416539235
316,1,1,0.9990600307846547
319,1,1,0.9998527980997057
321,1,1,0.99948690670585
322,1,1,0.9993298017130906
323,1,1,0.9995976974630685
327,1,1,0.999237335123638
328,1,1,0.9995895867684063
331,1,1,0.9996236737378282
332,1,1,0.9995437282912878
335,1,1,0.999452137667584
336,1,1,0.9995740675920392
339,1,1,0.9996181741200899
342,1,1,0.9992632892373092
345,1,1,0.9994700178371559
349,1,1,0.9998614781537217
352,1,1,0.9998048589332386
359,1,1,0.9998822908480173
363,1,1,0.9998715075690201
369,1,1,0.9999979816825539
370,1,1,0.9997152880204616
378,1,1,0.9992692598296066
381,1,1,0.9996019396104419
383,1,1,0.9997973386392444
384,1,1,0.999741160514136
385,1,1,0.998597563554385
389,1,1,0.999458989970064
395,1,1,0.9996093459453325
396,1,1,0.9999979816825539
400,1,1,0.9995464669478618
401,1,1,0.9994301544442319
402,1,1,0.9992312813529161
411,1,1,0.999669959872936
421,1,1,0.9998486877914926
422,1,1,0.9997288847809552
423,1,1,0.9997613826295269
431,1,1,0.999081833838055
436,1,1,0.9996906587297866
437,1,1,0.9996068075229795
439,1,1,0.9999303298660219
440,1,1,0.9989328649711282
451,1,1,0.9999242089072706
452,1,1,0.9994846869718251
453,1,1,0.9999011012665228
455,1,1,0.9995935543652049
456,1,1,0.999659051646484
458,1,1,0.9967535474805195
463,1,1,0.9994355958407806
474,1,1,0.999055225715652
479,1,1,0.9976408462179744
486,1,1,0.9995676478768886
492,1,1,0.999033169519942
502,1,1,0.9996615112494598
504,1,1,0.9997734330470887
506,1,1,0.9992220212379622
507,1,1,0.9993229285376415
508,1,1,0.999711769155313
510,1,1,0.9997944402731538
515,1,1,0.9996088156275729
520,1,1,0.999879581015138
525,1,1,0.9979424153944156
534,1,1,0.999724887761265
539,1,1,0.9997225093255105
554,1,1,0.9995318310596325
558,1,1,0.99963019066902
560,1,1,0.9997960688448156
563,1,1,0.9999541408357515
565,1,1,0.9995283819733843
577,1,1,0.9993670748264575
596,1,1,0.9998505179190574
604,1,1,0.9998596722967185
605,1,1,0.9998312606990274
629,1,1,0.9999208569346769
632,1,1,0.9998244753213973
635,1,1,0.9997931842641978
645,1,1,0.9992243866834838
647,1,1,0.9998893243155053
651,1,1,0.9997459719322952
662,1,1,0.9999746022589638
663,1,1,0.9999935431223856
671,1,1,0.999553289607421
674,1,1,0.9995639320049576
677,1,1,0.9999951501795697
686,1,1,0.9996904996149114
692,1,1,0.9997821804553902
698,1,1,0.9998149019054553
701,1,1,0.9994366874161875
705,1,1,0.9997557903010258
708,1,1,0.9997583101371131
721,1,1,0.9996439800014123
722,1,1,0.9994933540746479
726,1,1,0.9996076753318639
728,1,1,0.9999252690825683
737,1,1,0.9866135786644357
754,1,1,0.9996019396248762
756,1,1,0.9998598483272586
758,1,1,0.9999984779804985
760,1,1,0.9999723552104782
761,1,1,0.9990620700972029
763,1,1,0.9998625903161465
765,1,1,0.9992923969838967
772,1,1,0.9997990592748366
781,1,1,0.999737385803837
785,1,1,0.9998216405243461
787,1,1,0.9999304676446245
788,1,1,0.9996017995326937
790,1,1,0.9991940720097424
792,1,1,0.9997158508220371
793,1,1,0.9993883890497277
795,1,1,0.9998169143837332
796,1,1,0.9998355751099005
810,1,1,0.9999339157976788
833,1,1,0.9997477604039662
834,1,1,0.9999946040641265
840,1,1,0.9998161836112545
841,1,1,0.9992103911390117
843,1,1,0.9999620287583433
847,1,1,0.9999930785637365
848,1,1,0.999996786689945
851,1,1,0.9995532750491481
852,1,1,0.9859676230772255
862,1,1,0.9997189949700881
865,1,1,0.9998069449923567
868,1,1,0.9997067760670678
881,1,1,0.99978946230508
882,1,1,0.9997847515427359
885,1,1,0.9999862324425611
887,1,1,0.9999988522404715
888,1,1,0.9999920409331436
889,1,1,0.9999476332892
893,1,1,0.9998845105275992
898,1,1,0.9999961290998863
907,1,1,0.9997904643214545
912,1,1,0.9997951666745585
918,1,1,0.9996458308946562
921,1,1,0.9996869719038117
923,1,1,0.999868668554624
931,1,1,0.9996855283652301
936,1,1,0.9997682818136884
940,1,1,0.9995662525849255
955,1,1,0.9999907239197372
961,1,1,0.9998247516066773
962,1,1,0.999862407405812
973,1,1,0.9998135117124134
976,1,1,0.9993970149721224
984,1,1,0.9998353499988086
987,1,1,0.9999969825872131
991,1,1,0.9102137163639382
999,1,1,0.9857336179644755
1009,1,1,0.9997524287704438
1023,1,1,0.9999951784817009
1024,1,1,0.9997738154860408
1031,1,1,0.9999056501298239
1041,1,1,0.9999948816672712
1044,1,1,0.9999966013210339
1050,1,1,0.9999951790449618
1051,1,1,0.9999976759356897
1053,1,1,0.9999991344711334
1066,1,1,0.9999967546923907
1069,1,1,0.9999590154608718
1072,1,1,0.999958988636679
1073,1,1,0.9998636951834857
1074,1,1,0.9999970448333722
1081,1,1,0.9999947474274138
1087,1,1,0.9999991344711334
1105,1,1,0.9998540082933784
1106,1,1,0.9997764502431079
1111,1,1,0.9999991344711334
1121,1,1,0.9997946535934102
1125,1,1,0.999997976540192
1131,1,1,0.9999966245030543
1133,1,1,0.9999948006002572
1149,1,1,0.9999973830523509
1156,1,1,0.9999976628784434
1162,1,1,0.9911601326850608
1169,1,1,0.9999961365457406
1171,1,1,0.9786555218181038
1173,1,1,0.9999934587589462
1179,1,1,0.9999959203611437
1182,1,1,0.9999993473021583
1186,1,1,0.999997719300111
1194,1,1,0.9999993473021583
1195,1,1,0.9999969983578647
1197,1,1,0.9973161194678432
1205,1,1,0.9999978615304821
1216,1,1,0.9999962800970722
1220,1,1,0.9999993473021583
1242,1,1,0.9999974808034046
1251,1,1,0.9999993473021583
1254,1,1,0.9999960381674561
1265,1,1,0.9999953865624873
1266,1,1,0.9999950047998453
1277,1,1,0.999997722780701
1278,1,1,0.9999967899390038
1279,1,1,0.9999978423414623
1280,1,1,0.9999968356674162
1291,1,1,0.9999979751411672
1292,1,1,0.9999995077986805
1299,1,1,0.9999978463864818
1301,1,1,0.9999985203140974
1303,1,1,0.9999978834178311
1305,1,1,0.9999967484788372
1310,1,1,0.9999966607961898
1320,1,1,0.9999995077986805
1328,1,1,0.9999982933336474
1330,1,1,0.9999980578995314
1,2,0,0.0003188004015479026
2,2,0,0.0014728793283031085
11,2,0,0.0010000016701045542
13,2,0,0.00026803596436920273
31,2,0,0.0004028395500963612
34,2,0,1.0434204348539196e-05
37,2,0,9.95982279544074e-06
38,2,0,0.00018788952404984703
40,2,0,8.454135142949074e-05
47,2,1,0.9988514869163267
57,2,1,0.9994062818926085
66,2,1,0.9996171116252076
69,2,1,0.9991087964310386
71,2,1,0.9988456625485426
72,2,1,0.9995240314472309
73,2,1,0.9993802088638132
80,2,1,0.9996433436358803
91,2,1,0.9998666038783437
97,2,1,0.9994537232988376
100,2,1,0.9990146435743985
105,2,1,0.9998091183417699
114,2,1,0.9996384625478698
122,2,1,0.9998124165335325
123,2,1,0.99960727167869
124,2,1,0.9998198339403032
128,2,1,0.9994461297904655
136,2,1,0.9991551377107685
138,2,1,0.9994220910511257
142,2,1,0.9979832530042343
145,2,1,0.9828953351951663
146,2,1,0.9995767232358858
147,2,1,0.9994748001749915
148,2,1,0.9994976979490721
150,2,1,0.9985335275205116
151,2,1,0.9995469434808215
152,2,1,0.9973697166526888
158,2,1,0.9998919392317294
164,2,1,0.9996175878950462
168,2,1,0.9998260703023639
175,2,1,0.9993829829766433
180,2,1,0.99999801377579
184,2,1,0.9991330406904189
193,2,1,0.9996449739351995
205,2,1,0.9995082759462066
206,2,1,0.9998280615606443
208,2,1,0.9977386191025076
212,2,1,0.9992968005194003
215,2,1,0.9991656440597747
220,2,1,0.9991734734988147
224,2,1,0.9931061880232487
231,2,1,0.9992675083913695
243,2,1,0.9992136157074581
245,2,1,0.99999801377579
246,2,1,0.9997993970628933
252,2,1,0.9996292510271232
255,2,1,0.9997465555903372
262,2,1,0.999852427949321
266,2,1,0.9991333867260547
279,2,1,0.9998289763338538
282,2,1,0.9996651901680557
283,2,1,0.9994948047834422
288,2,1,0.999063873823865
289,2,1,0.9993802183477439
291,2,1,0.9996186220706942
292,2,1,0.9998785271690354
304,2,1,0.9981603775243055
305,2,1,0.9997925674206068
307,2,1,0.9997206559484916
309,2,1,0.9989049501543411
347,2,1,0.9997619876540081
357,2,1,0.9992249655094569
364,2,1,0.9997557669666179
373,2,1,0.9997487926044837
375,2,1,0.9999984988894406
388,2,1,0.9997917285919873
390,2,1,0.9998122510107885
391,2,1,0.9995040673807241
392,2,1,0.9997057344283272
393,2,1,0.9997495035444088
399,2,1,0.9999239660054854
403,2,1,0.9995889129351092
407,2,1,0.9999984988894406
413,2,1,0.9997896303411556
414,2,1,0.9996459360187313
417,2,1,0.9998399261114772
420,2,1,0.9996018265886368
427,2,1,0.9998901755802105
428,2,1,0.9999023437642705
430,2,1,0.9994505983112649
433,2,1,0.9995537767608632
442,2,1,0.9998867385960748
445,2,1,0.9995839713584983
454,2,1,0.9996181220002687
457,2,1,0.9999984988894406
460,2,1,0.9999223579872875
464,2,1,0.9997119504725062
469,2,1,0.9993140602267314
470,2,1,0.9997738061194652
472,2,1,0.9998292694668856
473,2,1,0.9992575686623894
483,2,1,0.9994600792492236
489,2,1,0.9994027944234775
491,2,1,0.9994597454406868
493,2,1,0.9987109006656983
500,2,1,0.9997542354452682
503,2,1,0.9993444457188898
505,2,1,0.9997137303402917
519,2,1,0.9973882734983931
522,2,1,0.9999984988894406
523,2,1,0.999572126896473
527,2,1,0.9996709199141138
537,2,1,0.9995579264858914
540,2,1,0.9999984988894406
555,2,1,0.9997510244331449
559,2,1,0.9989913336900229
564,2,1,0.9985757182371079
567,2,1,0.9990485094942041
571,2,1,0.9995766506858133
573,2,1,0.9996135841359918
574,2,1,0.9987978770694199
582,2,1,0.9997523867205903
588,2,1,0.9991865975557997
591,2,1,0.9936033299994396
593,2,1,0.999613056792271
595,2,1,0.9996426927419974
597,2,1,0.999660383738161
602,2,1,0.9996184348001407
606,2,1,0.9999988655194952
607,2,1,0.9995094797241749
608,2,1,0.9997508584674205
616,2,1,0.9998043060966799
618,2,1,0.999929853738137
619,2,1,0.9993664173907247
627,2,1,0.9997268350013618
628,2,1,0.9996457259882505
659,2,1,0.9997247465275558
675,2,1,0.9996917190073287
679,2,1,0.9995573987033352
682,2,1,0.9994274728782144
683,2,1,0.9997338819311965
684,2,1,0.9993844784483957
700,2,1,0.9997124032060044
702,2,1,0.9998537086351232
704,2,1,0.9998593405010361
710,2,1,0.9937290825189837
715,2,1,0.9999988655194952
719,2,1,0.9998131990286361
730,2,1,0.9993494776765733
732,2,1,0.9997986032121923
738,2,1,0.999631259645971
748,2,1,0.9998214416310442
751,2,1,0.999445504304764
775,2,1,0.9999739000411835
776,2,1,0.9990889277043299
799,2,1,0.9999220266504363
805,2,1,0.9998738882736755
807,2,1,0.9994412015039548
813,2,1,0.9997453772134652
815,2,1,0.9999632044026099
817,2,1,0.999737497843946
826,2,1,0.9999166040354516
829,2,1,0.9999965012886712
844,2,1,0.9994945416707276
845,2,1,0.9996356626553485
860,2,1,0.9999947675940043
867,2,1,0.9998828294110874
871,2,1,0.9999991426041922
873,2,1,0.9998995192407831
876,2,1,0.9999956891417796
878,2,1,0.9994711092816395
879,2,1,0.9998445929673467
883,2,1,0.9999185847430339
884,2,1,0.9999963068088074
886,2,1,0.9998005290409553
896,2,1,0.9978141642276884
899,2,1,0.999516840414292
900,2,1,0.9996770083510668
906,2,1,0.9996167684772678
914,2,1,0.9999559116821624
919,2,1,0.999888877917238
924,2,1,0.999453252190152
925,2,1,0.9999940655071097
927,2,1,0.9953617536732139
928,2,1,0.9999961237389193
939,2,1,0.9996728562158158
941,2,1,0.9998165354872688
942,2,1,0.9998625865083474
951,2,1,0.9999991426041922
952,2,1,0.9998028389724163
953,2,1,0.9996346036953597
956,2,1,0.9999991426041922
959,2,1,0.9999967082094242
974,2,1,0.9997155616325946
983,2,1,0.9997230737558587
985,2,1,0.9999993520139674
993,2,1,0.9473222052571125
995,2,1,0.9997780086830996
998,2,1,0.9999848204612216
1000,2,1,0.9999964080432252
1010,2,1,0.9999440765313672
1014,2,1,0.9999974888178875
1018,2,1,0.999995420991382
1020,2,1,0.9999913230929633
1022,2,1,0.9999993520139674
1025,2,1,0.9999947742563805
1038,2,1,0.9999936860124584
1039,2,1,0.9999960576921835
1049,2,1,0.9999645858951017
1057,2,1,0.9999974959078939
1058,2,1,0.9999046363996962
1059,2,1,0.9999267868142029
1063,2,1,0.9999930181743243
1071,2,1,0.9968190952877708
1076,2,1,0.9998622681069268
1083,2,1,0.999993850668564
1084,2,1,0.9998859823366778
1091,2,1,0.9998892411209712
1092,2,1,0.9638387184944694
1093,2,1,0.9997332177194821
1102,2,1,0.9999993520139674
1103,2,1,0.9837494214289504
1110,2,1,0.9999945336088686
1114,2,1,0.9999955542022193
1115,2,1,0.9999904288250763
1126,2,1,0.9999993520139674
1129,2,1,0.9999956770357002
1134,2,1,0.9999921717406295
1136,2,1,0.9999922793822199
1152,2,1,0.9999948795754526
1168,2,1,0.9999966991312506
1174,2,1,0.9999966816288737
1177,2,1,0.999997775863439
1185,2,1,0.9999943142788398
1188,2,1,0.9999953147655594
1190,2,1,0.9999944864397006
1208,2,1,0.999997359025513
1211,2,1,0.999995094775865
1218,2,1,0.9999979736128821
1221,2,1,0.9999958061609591
1222,2,1,0.9999995102776649
1224,2,1,0.99999705587001
1225,2,1,0.9999965293655685
1229,2,1,0.9999962857490788
1231,2,1,0.9999976011703849
1232,2,1,0.9999965395912316
1233,2,1,0.9999952038806436
1236,2,1,0.9999974656351439
1238,2,1,0.9999995102776649
1240,2,1,0.9999741038862376
1245,2,1,0.999997293354556
1246,2,1,0.9826965968285939
1255,2,1,0.9999365696997097
1258,2,1,0.9644076666488078
1259,2,1,0.9999995102776649
1261,2,1,0.9999983644112136
1262,2,1,0.9999995102776649
1281,2,1,0.9999967247465679
1284,2,1,0.9999983043315805
1286,2,1,0.9651537130308573
1294,2,1,0.9999982669663325
1300,2,1,0.9999968914224316
1309,2,1,0.9999996298871519
1311,2,1,0.9999977359085672
1313,2,1,0.9999983716110386
1324,2,1,0.999997304768906
1329,2,1,0.9991064924452889
4,3,0,0.0009021146270045885
12,3,0,0.0007474583964919617
21,3,0,0.003783394181121498
22,3,0,0.0005170559372493581
24,3,0,0.0035084651581538317
25,3,0,0.00029366852566842174
28,3,0,0.0027937903286662123
33,3,0,0.0011252915611498977
43,3,0,0.00020149874465114897
45,3,1,0.9994257288645692
52,3,1,0.9990868691388609
60,3,1,0.9997208767797092
62,3,1,0.9997846112830827
63,3,1,0.9987969515665237
65,3,1,0.9994558707985702
70,3,1,0.9995820540876413
74,3,1,0.9987812155848116
81,3,1,0.9994055786400634
85,3,1,0.9999970832592746
89,3,1,0.9989487368719644
93,3,1,0.9997777902688141
98,3,1,0.9998370672216714
101,3,1,0.9992917050456631
107,3,1,0.9981461489984733
113,3,1,0.9992339587925706
119,3,1,0.9996782790582244
149,3,1,0.9994527263392394
154,3,1,0.9991358040443136
173,3,1,0.9983286603469379
186,3,1,0.9998549077905265
189,3,1,0.9998228149896539
201,3,1,0.9991749086771149
211,3,1,0.9995554759613557
213,3,1,0.9997585063105782
216,3,1,0.9995917054035267
219,3,1,0.9998900404123816
221,3,1,0.9996169132181637
223,3,1,0.9945968603089582
230,3,1,0.9998254786644014
232,3,1,0.9996195901532405
233,3,1,0.9998275071694882
236,3,1,0.9996950622922712
237,3,1,0.9997207363958985
240,3,1,0.9997558231071646
241,3,1,0.9994499518151639
251,3,1,0.9997509438454882
257,3,1,0.9997396932771329
269,3,1,0.9997701037742779
274,3,1,0.9999251481867882
277,3,1,0.9997567271761041
298,3,1,0.9996506293864093
300,3,1,0.9986996272568401
306,3,1,0.9999210162688862
308,3,1,0.9995218593455351
311,3,1,0.9998037268027044
313,3,1,0.9996920612012452
318,3,1,0.9995960712430935
326,3,1,0.9997534934831448
330,3,1,0.9995639806550731
334,3,1,0.9993862344008436
338,3,1,0.9995630370517072
340,3,1,0.9998975121637255
350,3,1,0.9995504615985368
351,3,1,0.9999982767444264
354,3,1,0.9994387595829268
355,3,1,0.9993622280969782
356,3,1,0.9996366479051323
361,3,1,0.9998700738289417
362,3,1,0.9998673375294271
365,3,1,0.9997752372097117
366,3,1,0.9998392289746445
371,3,1,0.9999982767444264
374,3,1,0.9997008502264058
376,3,1,0.9997490022781803
382,3,1,0.9996715710504464
386,3,1,0.9996581993049535
397,3,1,0.999890405163777
405,3,1,0.999502961649522
408,3,1,0.999590426744416
410,3,1,0.9996474335176905
412,3,1,0.9996744269870652
416,3,1,0.999563284554202
418,3,1,0.9985238496736967
419,3,1,0.999728600029157
435,3,1,0.9992745180489802
444,3,1,0.9996351939786563
462,3,1,0.9997015005875683
465,3,1,0.9998244268318086
466,3,1,0.9999982767444264
467,3,1,0.9995561448000687
471,3,1,0.9996381115042771
475,3,1,0.9999982767444264
476,3,1,0.9993287334760013
484,3,1,0.999858729646475
488,3,1,0.999674906949865
496,3,1,0.9998945452024219
498,3,1,0.9996121824896725
499,3,1,0.9998568598231518
516,3,1,0.999745151930156
517,3,1,0.9996130017446292
518,3,1,0.9994701575681015
521,3,1,0.9999310764850761
529,3,1,0.9996546081385717
530,3,1,0.9997077864830157
532,3,1,0.9997390313585327
542,3,1,0.999892041555626
544,3,1,0.9998565637852969
545,3,1,0.9999310850138153
548,3,1,0.9995597908343737
557,3,1,0.9989699062767871
569,3,1,0.9998201237154241
572,3,1,0.9995156917690304
580,3,1,0.999578467157579
585,3,1,0.9986681962243328
590,3,1,0.9999157208947215
592,3,1,0.9997720649342574
599,3,1,0.9999544876891683
612,3,1,0.9996636693897081
614,3,1,0.9998089746246126
617,3,1,0.9998081065001153
623,3,1,0.9999986754280957
626,3,1,0.9996634601738995
633,3,1,0.9996357401324211
637,3,1,0.9997435855444821
639,3,1,0.9999935535284526
640,3,1,0.9999514679718409
641,3,1,0.9993452008527883
643,3,1,0.9994960638446042
649,3,1,0.9999203369252968
650,3,1,0.9999890429828868
652,3,1,0.9999952289039357
655,3,1,0.9999922876658097
656,3,1,0.999323380022239
661,3,1,0.9998450057638537
664,3,1,0.9997940121624875
666,3,1,0.9998511378702232
669,3,1,0.998520610287253
672,3,1,0.9998359051262987
673,3,1,0.999648835809984
680,3,1,0.9997720203760356
687,3,1,0.9995674607125082
694,3,1,0.9999279987975268
713,3,1,0.9999496175777675
714,3,1,0.9994735817929307
723,3,1,0.9998172469940174
724,3,1,0.9998465465935236
725,3,1,0.9997188408740307
731,3,1,0.9998973063174715
733,3,1,0.9998839295108701
734,3,1,0.9995792949782407
735,3,1,0.9995284422052041
739,3,1,0.9997030746159888
741,3,1,0.9995366031790464
747,3,1,0.999613822181938
750,3,1,0.9997916165594942
753,3,1,0.9999479450051955
755,3,1,0.9996804201071715
768,3,1,0.9995336651097095
770,3,1,0.9999016843730878
774,3,1,0.9997679283152291
780,3,1,0.9997229839957458
789,3,1,0.9996515087539449
791,3,1,0.9999491269632227
804,3,1,0.9998910594278791
814,3,1,0.99969807314648
822,3,1,0.9997825510651648
836,3,1,0.9999939061903842
837,3,1,0.9999969825256185
838,3,1,0.9998852084750843
849,3,1,0.9540164454581793
853,3,1,0.9999169861975552
857,3,1,0.9999942202166473
858,3,1,0.9995773739863983
872,3,1,0.9998070475588445
874,3,1,0.9998691144270069
894,3,1,0.9999164258775832
895,3,1,0.999793416114046
903,3,1,0.9999989818744274
904,3,1,0.9998502117007614
916,3,1,0.9999989818744274
920,3,1,0.9999189395487118
922,3,1,0.9996838575301641
930,3,1,0.9999941614388232
944,3,1,0.9999989818744274
945,3,1,0.9999963988975565
948,3,1,0.9994547778704848
950,3,1,0.9998168330679208
963,3,1,0.9999961677177212
965,3,1,0.999576142062202
970,3,1,0.999750158867157
981,3,1,0.9998827527738473
982,3,1,0.9999989818744274
989,3,1,0.9685068929088247
997,3,1,0.9999469428702165
1001,3,1,0.9999992174229235
1003,3,1,0.9999992174229235
1006,3,1,0.9924956160038887
1007,3,1,0.9959482689672545
1012,3,1,0.9999970560329409
1015,3,1,0.999994550009805
1016,3,1,0.9999586904573051
1026,3,1,0.9998404707295518
1027,3,1,0.9999967785723304
1028,3,1,0.9999953259414047
1029,3,1,0.9999924542468931
1033,3,1,0.9999992174229235
1034,3,1,0.9999964366127886
1046,3,1,0.9999389963973193
1047,3,1,0.9999955896197852
1062,3,1,0.9999992174229235
1064,3,1,0.999993981647773
1065,3,1,0.9999946432382087
1070,3,1,0.999997050061902
1078,3,1,0.9999942539782067
1079,3,1,0.9999992174229235
1082,3,1,0.9999964707033236
1086,3,1,0.9918112967767133
1089,3,1,0.9999143558225781
1090,3,1,0.9999992174229235
1097,3,1,0.9998339368923661
1098,3,1,0.9999992174229235
1101,3,1,0.9999992174229235
1117,3,1,0.9999975077125027
1119,3,1,0.9999949639583606
1122,3,1,0.9999939389035115
1140,3,1,0.9999962237061403
1142,3,1,0.9999960773355189
1143,3,1,0.9999969646810948
1145,3,1,0.9999964233524894
1146,3,1,0.9919157755953171
1160,3,1,0.9879083051021783
1164,3,1,0.9779190461906555
1166,3,1,0.9999938436343694
1175,3,1,0.9625314117019498
1178,3,1,0.9999978724433892
1183,3,1,0.9999976158341323
1191,3,1,0.9999970487986684
1193,3,1,0.9999993984761176
1200,3,1,0.9999981118581455
1206,3,1,0.9994999873403961
1213,3,1,0.9999993984761176
1223,3,1,0.9999974803349738
1228,3,1,0.9999979898321163
1230,3,1,0.9996829074839977
1244,3,1,0.9999956995690745
1247,3,1,0.9921557103023341
1248,3,1,0.9999972639753697
1252,3,1,0.9999423543664143
1253,3,1,0.9999993984761176
1257,3,1,0.9999984522773233
1260,3,1,0.9999974571173426
1264,3,1,0.9999977044930377
1269,3,1,0.9999979715343159
1270,3,1,0.9999954100453636
1275,3,1,0.9999962891730014
1296,3,1,0.9999995376417523
1298,3,1,0.9999992091168068
1302,3,1,0.9999968599128609
1304,3,1,0.9999995376417523
1306,3,1,0.9999980721292331
1314,3,1,0.9999981421226969
1315,3,1,0.9880753250557978
1319,3,1,0.9999980064350501
1321,3,1,0.9999995376417523
1323,3,1,0.9999983595401508
1325,3,1,0.9999963393184592
0,4,0,0.00041614397499238734
3,4,0,0.00037040309852397153
5,4,0,0.0005804482854713807
16,4,0,0.0037079113367563424
20,4,0,0.001177714184941082
30,4,0,0.004271227423899166
35,4,0,7.935096187515948e-06
39,4,0,0.0057844430874910155
44,4,0,4.894687569690219e-06
50,4,1,0.9993163837433093
51,4,1,0.9997109600109821
55,4,1,0.9992445678600542
68,4,1,0.999557764622765
77,4,1,0.9994944777054681
82,4,1,0.9995713654674246
90,4,1,0.9996063752141932
92,4,1,0.9996903403806232
106,4,1,0.9996102048742237
109,4,1,0.9993534296458217
111,4,1,0.9999971908766023
112,4,1,0.9999971908766023
117,4,1,0.9992775396300081
126,4,1,0.999264438536893
133,4,1,0.9994044425115203
135,4,1,0.9992361749727017
139,4,1,0.999643758008395
153,4,1,0.9995011146449008
155,4,1,0.9996681318013645
157,4,1,0.9998252348434301
159,4,1,0.9991527701598687
162,4,1,0.9997066336937372
165,4,1,0.9992348514153268
169,4,1,0.9989630483630993
170,4,1,0.999679000989252
174,4,1,0.9998019739077899
176,4,1,0.9995444846306043
177,4,1,0.9994580939435714
178,4,1,0.9999978993234925
179,4,1,0.9998257174371176
181,4,1,0.9991997028150752
182,4,1,0.9999978993234925
185,4,1,0.9995395256698133
187,4,1,0.9993807735691941
188,4,1,0.998356310430555
190,4,1,0.9994873180638955
191,4,1,0.9989895807279663
195,4,1,0.9996501796599456
203,4,1,0.9989013007778988
214,4,1,0.9995140168202651
218,4,1,0.9995839164552945
226,4,1,0.9995534264310841
235,4,1,0.9996637586515403
238,4,1,0.9993893467957283
239,4,1,0.9998077668761283
254,4,1,0.9994993874140664
261,4,1,0.9995585922442852
265,4,1,0.9996712278028528
267,4,1,0.999586119137934
268,4,1,0.9996247030988181
270,4,1,0.999050185145261
273,4,1,0.9997318954588449
278,4,1,0.9995376244840071
286,4,1,0.9999978993234925
297,4,1,0.9994384427044174
301,4,1,0.9998517935006684
310,4,1,0.999951294279928
329,4,1,0.9995584401655514
333,4,1,0.9996237580983575
341,4,1,0.9996711846560525
344,4,1,0.9999218206486232
346,4,1,0.9996511410522094
348,4,1,0.9996208364789649
360,4,1,0.9906409732289788
367,4,1,0.9997987370547449
368,4,1,0.9981277252100154
372,4,1,0.9998334058724714
379,4,1,0.9992495129280151
380,4,1,0.9998609518703979
394,4,1,0.9998764540548667
398,4,1,0.9999150640250558
406,4,1,0.9995830531996808
409,4,1,0.9996095238607746
415,4,1,0.9995566173439236
424,4,1,0.9997445615761291
432,4,1,0.9997266137930686
434,4,1,0.9992684403677407
441,4,1,0.9994285803685292
446,4,1,0.9999379283328466
448,4,1,0.9995689818082807
449,4,1,0.9997706165525775
459,4,1,0.9998774137259212
461,4,1,0.9994652528738969
468,4,1,0.99981305198436
477,4,1,0.9995933258619073
478,4,1,0.9994234817248883
487,4,1,0.9999506556023006
490,4,1,0.9995954606645496
497,4,1,0.9998551615958785
501,4,1,0.9996588814163481
509,4,1,0.9995974806846066
511,4,1,0.9995694290918747
512,4,1,0.9995934557396776
524,4,1,0.9998060027865681
528,4,1,0.999728192357531
538,4,1,0.9996523663283552
541,4,1,0.9990533168842407
543,4,1,0.9997535133062083
546,4,1,0.9997592000129093
547,4,1,0.9995449718104317
549,4,1,0.9999369093200431
550,4,1,0.9994221264366274
551,4,1,0.9998300298785625
552,4,1,0.9995357320070845
553,4,1,0.9998943680702327
556,4,1,0.9994905079724656
570,4,1,0.9993982414266903
586,4,1,0.9998281429887368
594,4,1,0.9999040581263804
598,4,1,0.9997550050801874
611,4,1,0.9997465993232252
615,4,1,0.9989456351226262
620,4,1,0.9997415147574439
625,4,1,0.9997348931557238
634,4,1,0.9999988252764145
638,4,1,0.9999928965891699
642,4,1,0.99994096172617
644,4,1,0.999917745846402
646,4,1,0.9999959376664782
653,4,1,0.999841376034357
665,4,1,0.9998182622667194
676,4,1,0.9998139376586389
678,4,1,0.9998703243334061
691,4,1,0.9998665698220282
696,4,1,0.9999087768786156
703,4,1,0.9996137276717184
706,4,1,0.9998983037402306
709,4,1,0.999723622537972
712,4,1,0.9998785051901214
718,4,1,0.9998510331929324
720,4,1,0.9995599949804788
727,4,1,0.9995295150535104
729,4,1,0.9995281610555627
736,4,1,0.9998937148694521
743,4,1,0.9997600391252485
749,4,1,0.9999066992803864
757,4,1,0.9997155243871293
759,4,1,0.999777286181745
764,4,1,0.9996396534960116
766,4,1,0.9995924274645365
767,4,1,0.999648754997903
769,4,1,0.9998362175947594
786,4,1,0.9992978621199533
794,4,1,0.9995297848819731
801,4,1,0.999777585004334
802,4,1,0.999676565245229
808,4,1,0.9999283626023032
809,4,1,0.9997063748664926
812,4,1,0.9998811744570747
821,4,1,0.9993247054859036
823,4,1,0.9998034562523824
830,4,1,0.99999589367199
831,4,1,0.9999960704505655
832,4,1,0.9532801857547415
839,4,1,0.9997722132581882
842,4,1,0.9998174991049072
846,4,1,0.9999957567581628
856,4,1,0.9999991215361975
859,4,1,0.9999006868851155
863,4,1,0.9998561407212366
864,4,1,0.9999288431040674
866,4,1,0.9999965257874787
869,4,1,0.9998051855019118
875,4,1,0.9999198828121475
877,4,1,0.9998561156918009
891,4,1,0.9997108657472117
892,4,1,0.9997955546181553
901,4,1,0.9998457612460664
905,4,1,0.9999019121219147
908,4,1,0.9998464456056173
909,4,1,0.9999965282314363
910,4,1,0.9998312623401577
913,4,1,0.9998624920515404
926,4,1,0.999693723435017
929,4,1,0.9998159041300578
933,4,1,0.9999991215361975
935,4,1,0.9999376317497054
937,4,1,0.9999241990176756
943,4,1,0.9836482070746239
957,4,1,0.9997759298233999
958,4,1,0.9999227897796718
960,4,1,0.9999991215361975
967,4,1,0.9998712729128624
968,4,1,0.9999016661442217
972,4,1,0.9997176047279064
977,4,1,0.9998441806917722
980,4,1,0.9996479711793953
988,4,1,0.9999971086368551
992,4,1,0.9999033965219684
996,4,1,0.9999961610016956
1002,4,1,0.9998624111365683
1004,4,1,0.9999958697242504
1011,4,1,0.9424503614367797
1019,4,1,0.999997570019874
1032,4,1,0.999997116235139
1042,4,1,0.9999957394385471
1043,4,1,0.9998115844917553
1045,4,1,0.9858543488835345
1048,4,1,0.9992370974766596
1052,4,1,0.9990773408560982
1056,4,1,0.9999920226425402
1061,4,1,0.9999966247865618
1067,4,1,0.9999942385487983
1080,4,1,0.9999964638526874
1094,4,1,0.9924419043665871
1107,4,1,0.9997310442186105
1108,4,1,0.999787743843472
1109,4,1,0.9999993430807007
1116,4,1,0.9999993430807007
1118,4,1,0.9999962414775662
1120,4,1,0.9999981720470036
1130,4,1,0.9999318468880173
1132,4,1,0.999982569335272
1135,4,1,0.9999973321876274
1137,4,1,0.9999993430807007
1138,4,1,0.9995873945946584
1139,4,1,0.9999893682931157
1144,4,1,0.9999975529021157
1148,4,1,0.9999985875592007
1150,4,1,0.9999976619731373
1153,4,1,0.9964218335094954
1158,4,1,0.9999980065218408
1161,4,1,0.9999981312240163
1165,4,1,0.9999962823751457
1167,4,1,0.9999944224614703
1170,4,1,0.9751877654341379
1176,4,1,0.9744137445872567
1180,4,1,0.9755000306961655
1184,4,1,0.9999968460976232
1196,4,1,0.9999957810949182
1202,4,1,0.9999981880023603
1203,4,1,0.9999995087527336
1204,4,1,0.9998281034802159
1212,4,1,0.9999995087527336
1214,4,1,0.9999995087527336
1215,4,1,0.9999973644776259
1217,4,1,0.9999957614932142
1219,4,1,0.999997674729343
1227,4,1,0.9999995087527336
1234,4,1,0.9999975130439732
1235,4,1,0.9999995087527336
1237,4,1,0.9999972207869574
1239,4,1,0.9999974321439135
1241,4,1,0.9999955826083703
1249,4,1,0.9899358552396075
1256,4,1,0.9999995087527336
1267,4,1,0.9999976131967169
1268,4,1,0.9999970545266829
1273,4,1,0.9999977695807433
1282,4,1,0.9999979228342196
1283,4,1,0.9928894364983766
1285,4,1,0.9999970583529276
1289,4,1,0.999998965080619
1290,4,1,0.9999994606780751
1297,4,1,0.9999980977998885
1312,4,1,0.9999964497360928
1316,4,1,0.9810985416208509
1,5,0,0.0003528016277430342
3,5,0,0.0002982459215703422
7,5,0,0.0017589632977212377
12,5,0,0.000626865143967046
13,5,0,0.00030803937884871983
18,5,0,0.00014330200893367662
23,5,0,0.0006134620983607399
26,5,0,0.0005747435602427394
31,5,0,0.00042018893013777637
46,5,1,0.9994916770393134
48,5,1,0.9994263634073954
50,5,1,0.9994408994496896
58,5,1,0.9996337784938992
59,5,1,0.9995840328001833
71,5,1,0.9990394327622356
77,5,1,0.9994385108570106
79,5,1,0.9996003713799902
83,5,1,0.9997017756409001
90,5,1,0.9995902129701866
92,5,1,0.9997213397268491
102,5,1,0.9996765164416471
106,5,1,0.9995811718645409
110,5,1,0.9990467945596675
111,5,1,0.9999976077918286
113,5,1,0.9992194288426364
115,5,1,0.9992177778778065
116,5,1,0.9994198306693823
121,5,1,0.9994758972601259
130,5,1,0.9996231061213304
136,5,1,0.9992181132341426
150,5,1,0.9984975163160713
151,5,1,0.9996334919634313
161,5,1,0.9995507119412925
167,5,1,0.999831030230228
178,5,1,0.9999981586646253
180,5,1,0.9999981586646253
182,5,1,0.9999981586646253
184,5,1,0.999059175926924
188,5,1,0.9983311336433979
190,5,1,0.9993631978796611
192,5,1,0.9998293958324808
200,5,1,0.9983915840689017
211,5,1,0.9994862297549739
215,5,1,0.9992004520818997
220,5,1,0.9992701086115259
221,5,1,0.9997178800880414
232,5,1,0.9996503273026677
234,5,1,0.9997054279525031
239,5,1,0.9997901573233166
247,5,1,0.9991631464525266
248,5,1,0.9995520386517472
256,5,1,0.9995243418784957
258,5,1,0.9994360846743473
263,5,1,0.9996552697585094
268,5,1,0.9996795505745959
272,5,1,0.9993862507801073
282,5,1,0.9997028514571137
283,5,1,0.999369317507707
286,5,1,0.9999981586646253
290,5,1,0.9998184956328924
291,5,1,0.9996325722091535
294,5,1,0.9999981586646253
295,5,1,0.999501514452802
301,5,1,0.9998683280612767
305,5,1,0.9998176202220468
315,5,1,0.9995865720992599
318,5,1,0.9995030257112177
319,5,1,0.9998147638222221
325,5,1,0.9991462117176837
329,5,1,0.9994989528365178
332,5,1,0.9995636217962846
333,5,1,0.9996111305882088
338,5,1,0.9994429014677966
339,5,1,0.9996535539188273
340,5,1,0.9998552510729756
343,5,1,0.9993152719938436
344,5,1,0.9999171772919933
345,5,1,0.9994453801212683
356,5,1,0.9995616221751417
359,5,1,0.9999000747727389
360,5,1,0.9867601935569194
363,5,1,0.9997906192067707
368,5,1,0.9983754428876506
376,5,1,0.9997162859064497
382,5,1,0.9996355596120402
395,5,1,0.9996724808975065
396,5,1,0.9999985826837428
397,5,1,0.9998730282941279
403,5,1,0.9996797395571834
404,5,1,0.9982555381957854
405,5,1,0.9993384336090377
425,5,1,0.9997871963152032
428,5,1,0.9999097477620467
429,5,1,0.9999951678358844
432,5,1,0.9996741862173059
433,5,1,0.9995717776497088
443,5,1,0.9998579774613271
446,5,1,0.9999445638794591
449,5,1,0.9997289288489012
450,5,1,0.9995334947325876
453,5,1,0.999821622192546
455,5,1,0.9995782986454899
457,5,1,0.9999985826837428
471,5,1,0.9996017867206662
479,5,1,0.9973099221343718
481,5,1,0.9992980680137726
483,5,1,0.9994457141325698
484,5,1,0.9998626262089235
493,5,1,0.9986220180118518
496,5,1,0.999856029353126
497,5,1,0.9997824406500003
502,5,1,0.9997231927602396
503,5,1,0.999393282132946
511,5,1,0.9995403616569292
529,5,1,0.9995247913942671
532,5,1,0.9996267967494359
534,5,1,0.999803532131174
539,5,1,0.9997252561201831
543,5,1,0.9997800522346364
549,5,1,0.9999391878526281
551,5,1,0.9997672824849689
566,5,1,0.9998252357710754
571,5,1,0.9995720425939366
573,5,1,0.9996184048228145
574,5,1,0.9988078794284238
575,5,1,0.9998676353925527
580,5,1,0.9995018811934734
597,5,1,0.9996635738643749
600,5,1,0.9997144113959198
613,5,1,0.9998331053855969
614,5,1,0.9998132370276386
615,5,1,0.9986978985862239
617,5,1,0.999746331559995
620,5,1,0.999735590024136
625,5,1,0.9997034494119197
628,5,1,0.9996393991234469
633,5,1,0.9996145305430366
637,5,1,0.9997368573704076
640,5,1,0.9999396938817696
646,5,1,0.9999949931573857
657,5,1,0.9997854826230222
666,5,1,0.99980250863267
668,5,1,0.9985172652355138
670,5,1,0.9997539714324294
681,5,1,0.9997803305686531
687,5,1,0.9995202939172311
688,5,1,0.9991564270876616
693,5,1,0.9999989090606716
705,5,1,0.9996792598825743
706,5,1,0.9998891797571013
719,5,1,0.9998157374058658
731,5,1,0.9998959929470228
736,5,1,0.999896569506305
739,5,1,0.9996586246919057
741,5,1,0.999457621910511
752,5,1,0.9995926384227618
758,5,1,0.9999989090606716
759,5,1,0.9996986980320498
766,5,1,0.999546348988088
768,5,1,0.9995017933668027
774,5,1,0.9997344100117525
777,5,1,0.9998063546169793
780,5,1,0.9996779871635604
783,5,1,0.9996318648589142
785,5,1,0.9998147216276393
786,5,1,0.9991632769229385
796,5,1,0.9998298996586823
799,5,1,0.999914453210613
801,5,1,0.9997070316373265
802,5,1,0.9996093269386992
804,5,1,0.9998539898757495
813,5,1,0.9997830320887091
818,5,1,0.9998721823754353
819,5,1,0.9999593413081438
821,5,1,0.9995299427138773
822,5,1,0.9996954965551034
831,5,1,0.9999961639120073
839,5,1,0.9996853026908513
849,5,1,0.9316669775142179
850,5,1,0.9998533051702841
851,5,1,0.999656923991746
852,5,1,0.9878459004858784
853,5,1,0.9999071710761424
855,5,1,0.897929092700825
857,5,1,0.9999924738352741
874,5,1,0.9998344519934382
881,5,1,0.9997972900803744
885,5,1,0.9999833556339697
886,5,1,0.9997952888264587
897,5,1,0.9995523498687783
903,5,1,0.9999991602801966
911,5,1,0.9997537800067469
912,5,1,0.999813693152601
918,5,1,0.9996245061466993
919,5,1,0.999879016747886
921,5,1,0.9996809571879766
925,5,1,0.9999924537097453
944,5,1,0.9999991602801966
946,5,1,0.9999961872600218
950,5,1,0.9998001041864912
951,5,1,0.9999991602801966
952,5,1,0.9997730732654961
956,5,1,0.9999991602801966
970,5,1,0.9997076639145571
982,5,1,0.9999991602801966
984,5,1,0.9998145742827206
986,5,1,0.9999969968853807
994,5,1,0.9932279296620461
995,5,1,0.9997639499445037
996,5,1,0.9999958038261596
998,5,1,0.999985455252755
1001,5,1,0.9999993536493837
1002,5,1,0.999886010025321
1005,5,1,0.9844675128097731
1011,5,1,0.9326936280583235
1012,5,1,0.9999967187728047
1014,5,1,0.9999968034904271
1021,5,1,0.9999993536493837
1026,5,1,0.9998118359147077
1031,5,1,0.999872786934226
1033,5,1,0.9999993536493837
1037,5,1,0.9999933263807388
1043,5,1,0.9998066217642484
1052,5,1,0.998646796960363
1055,5,1,0.9998411884577403
1060,5,1,0.9999993536493837
1071,5,1,0.9968372985233733
1081,5,1,0.9999946113037536
1086,5,1,0.9847429890435355
1093,5,1,0.9997419179873219
1096,5,1,0.9999993536493837
1103,5,1,0.9761952588944632
1113,5,1,0.9999957722915672
1128,5,1,0.9999964886753818
1130,5,1,0.9998916620911887
1137,5,1,0.9999993536493837
1158,5,1,0.9999974194009653
1163,5,1,0.9999960002336598
1172,5,1,0.9999995024898792
1173,5,1,0.9999923323241399
1176,5,1,0.9618370216692188
1184,5,1,0.9999963915608674
1190,5,1,0.9999949208933411
1193,5,1,0.9999995024898792
1200,5,1,0.99999733480263
1204,5,1,0.9997936289202984
1209,5,1,0.9999976658545008
1211,5,1,0.9999957095540498
1223,5,1,0.9999965851386405
1225,5,1,0.9999963064050017
1227,5,1,0.9999995024898792
1236,5,1,0.9999972659760226
1241,5,1,0.999995292414967
1249,5,1,0.9885242877658539
1251,5,1,0.9999995024898792
1255,5,1,0.9999404358140671
1256,5,1,0.9999995024898792
1266,5,1,0.9999953536206319
1270,5,1,0.9999953622313342
1281,5,1,0.9999961746928366
1285,5,1,0.9999967972008309
1290,5,1,0.999999441462698
1299,5,1,0.999997406025045
1305,5,1,0.9999961302653788
1308,5,1,0.9999958875062824
1313,5,1,0.9999981478355292
1315,5,1,0.9843642493790671
4,6,0,0.0011577052439426922
11,6,0,0.0013573121000636126
17,6,0,0.00030090120210842604
19,6,0,0.0047442036105144235
21,6,0,0.006004218558080341
34,6,0,7.784629461671999e-06
36,6,0,0.0002563310859044766
37,6,0,6.670806583315042e-06
40,6,0,8.586362790901587e-05
53,6,1,0.9992857649273215
55,6,1,0.9993845343638011
63,6,1,0.9989714534806213
66,6,1,0.9996109182740628
67,6,1,0.9996583782147082
76,6,1,0.9997102438504493
80,6,1,0.999661134501009
85,6,1,0.9999967621839095
87,6,1,0.9996841609379195
99,6,1,0.9990066609552963
104,6,1,0.9987083688766056
105,6,1,0.9997495939992723
114,6,1,0.9995962852475914
119,6,1,0.9996704108026553
132,6,1,0.9996825070278031
133,6,1,0.9991608916768338
137,6,1,0.9986319038088767
140,6,1,0.9981395826242943
154,6,1,0.999000345105472
156,6,1,0.9996145787912555
162,6,1,0.9996173618453138
170,6,1,0.9996205816882705
175,6,1,0.9992125621522645
177,6,1,0.9994501489539069
195,6,1,0.9995984667523947
198,6,1,0.9997723160812912
206,6,1,0.9998596204120797
208,6,1,0.9978345832886255
210,6,1,0.9990461229653333
217,6,1,0.9986775738416809
219,6,1,0.9998110727372127
225,6,1,0.9993082723762093
240,6,1,0.9997437824241904
252,6,1,0.9995645462505202
253,6,1,0.9998091864540167
262,6,1,0.9998841323010541
264,6,1,0.9999269879423744
270,6,1,0.9989869996864839
274,6,1,0.999918602162901
277,6,1,0.9996954776370658
278,6,1,0.9995169567522537
280,6,1,0.9996450070849592
284,6,1,0.9998223438418
292,6,1,0.9998651710436403
300,6,1,0.9985229398490968
302,6,1,0.9999007381708205
303,6,1,0.9995256416355957
308,6,1,0.999426703839535
314,6,1,0.9998638985277655
320,6,1,0.9996032720254384
334,6,1,0.9992448255243338
336,6,1,0.9995636818912932
341,6,1,0.9997510370824189
346,6,1,0.9994637068602872
348,6,1,0.9994143441072764
350,6,1,0.9996040218034152
355,6,1,0.9991459185905042
357,6,1,0.9990930654770321
365,6,1,0.9997395993736323
374,6,1,0.9996308220880024
378,6,1,0.9991455995187033
389,6,1,0.9995036661785782
390,6,1,0.9998464616207999
394,6,1,0.9999169503818538
402,6,1,0.9993530877827614
406,6,1,0.9994099177001294
411,6,1,0.9997240592674096
412,6,1,0.9996079395984979
413,6,1,0.9998026671485776
414,6,1,0.999576581334258
426,6,1,0.9988657019721219
431,6,1,0.9991239674959327
439,6,1,0.9999281998384858
444,6,1,0.9995716055719585
451,6,1,0.9999058583686579
454,6,1,0.9996530832363942
461,6,1,0.9994986311574223
462,6,1,0.9995848528938593
464,6,1,0.9997681952738261
474,6,1,0.9991286623197662
476,6,1,0.9992877260636042
482,6,1,0.9996259100473487
485,6,1,0.9991388940602027
491,6,1,0.9994772899139234
498,6,1,0.9996587177237546
501,6,1,0.9994960619264651
510,6,1,0.9998078706725457
519,6,1,0.9981730400527455
520,6,1,0.9998888876702844
521,6,1,0.9999277808346239
525,6,1,0.9981119401275286
527,6,1,0.9996595696502283
536,6,1,0.9999274182351685
542,6,1,0.9999020700823542
544,6,1,0.999852136731845
548,6,1,0.9995579405653957
552,6,1,0.9996406904365711
556,6,1,0.9993920444973051
560,6,1,0.9997764499335267
561,6,1,0.9997264744231246
564,6,1,0.9982097004261093
565,6,1,0.999537517509078
569,6,1,0.9998169524953026
590,6,1,0.9999143588304011
591,6,1,0.9934629204473467
594,6,1,0.999894681087452
598,6,1,0.9996166856206066
599,6,1,0.9999412039704627
608,6,1,0.9997710933913669
611,6,1,0.9996973276396592
627,6,1,0.9997450830293158
631,6,1,0.9999164288142564
634,6,1,0.9999986982376977
635,6,1,0.9998136340840524
647,6,1,0.9998924683691256
648,6,1,0.9997869903928739
650,6,1,0.999990739999811
663,6,1,0.9999940889694097
665,6,1,0.9997668038394267
674,6,1,0.9995146561871717
678,6,1,0.9998505086724817
679,6,1,0.9995714188943485
680,6,1,0.9996934691025077
682,6,1,0.999574119390129
691,6,1,0.9998361461920346
696,6,1,0.9999356814032117
698,6,1,0.9998031991050671
701,6,1,0.9994751485823113
702,6,1,0.9998373371463735
712,6,1,0.9999125863713876
714,6,1,0.9993680468693158
717,6,1,0.9996992828749318
722,6,1,0.9995948176976038
727,6,1,0.9995827740420383
740,6,1,0.9999494643954752
746,6,1,0.99979829064473
763,6,1,0.9998688251912987
767,6,1,0.9995888522051137
771,6,1,0.9996161803561592
773,6,1,0.999691642182061
775,6,1,0.9999751487517278
778,6,1,0.9995150911711104
792,6,1,0.999752985342113
798,6,1,0.9995839838674428
803,6,1,0.9996268293126331
806,6,1,0.9996910307019045
812,6,1,0.9998840422414539
823,6,1,0.9997781183337987
825,6,1,0.9997247961048704
826,6,1,0.9999195801149388
829,6,1,0.9999968600704967
832,6,1,0.9606894834386118
836,6,1,0.9999938711617031
841,6,1,0.9994526608885463
846,6,1,0.9999961176998845
847,6,1,0.9999945183825533
848,6,1,0.9999965451040195
858,6,1,0.9995656216225816
862,6,1,0.9997729583479035
866,6,1,0.9999964910427159
868,6,1,0.9997538551494685
870,6,1,0.9999934263464649
872,6,1,0.9998413338481563
883,6,1,0.9999134630465208
887,6,1,0.9999990392182841
891,6,1,0.9996718800824137
895,6,1,0.9996656850203539
898,6,1,0.999997191708666
905,6,1,0.9997967122440845
910,6,1,0.9998050994855144
916,6,1,0.9999990392182841
920,6,1,0.9999269423314379
927,6,1,0.9968945158213921
928,6,1,0.9999966300142805
934,6,1,0.9997819576590627
935,6,1,0.9999380512371986
937,6,1,0.9999408505259304
957,6,1,0.9997771771994032
959,6,1,0.9999977053032448
961,6,1,0.999860520427126
962,6,1,0.9998523455281401
968,6,1,0.9999205123938165
977,6,1,0.9999012326739403
979,6,1,0.9996842333354893
981,6,1,0.9999074056618779
983,6,1,0.9997835241199816
989,6,1,0.9687670591660581
991,6,1,0.8671713241423813
992,6,1,0.9999025003231966
1022,6,1,0.999999290883273
1024,6,1,0.9997827946706727
1035,6,1,0.9999972229399503
1036,6,1,0.9999929532903236
1040,6,1,0.9999933039174317
1045,6,1,0.9858581490569673
1046,6,1,0.9999442341299564
1047,6,1,0.9999945882491119
1048,6,1,0.9989349458710066
1050,6,1,0.9999941297831266
1056,6,1,0.9999936860402823
1058,6,1,0.9999308324844536
1059,6,1,0.9999488829507982
1061,6,1,0.999996994296031
1070,6,1,0.9999969144026181
1076,6,1,0.9998474891847616
1080,6,1,0.9999960238448261
1085,6,1,0.9999987411591631
1087,6,1,0.999999290883273
1095,6,1,0.9999953215753673
1107,6,1,0.9997634818087014
1111,6,1,0.999999290883273
1119,6,1,0.9999956261819171
1120,6,1,0.9999967907106051
1124,6,1,0.999999290883273
1127,6,1,0.9997800280359376
1129,6,1,0.9999957423625729
1133,6,1,0.9999953161270122
1139,6,1,0.9999923892382134
1141,6,1,0.999999290883273
1144,6,1,0.999997194502237
1149,6,1,0.9999977001224286
1152,6,1,0.9999958102029171
1154,6,1,0.9999970013072514
1157,6,1,0.9999929305128978
1160,6,1,0.9865464215160709
1166,6,1,0.9999950470098659
1175,6,1,0.9397594199231071
1177,6,1,0.9999980943682051
1179,6,1,0.9999974819270769
1183,6,1,0.9999979329970653
1185,6,1,0.9999956466667331
1191,6,1,0.9999970871791586
1201,6,1,0.9999980606652055
1203,6,1,0.9999994766277386
1218,6,1,0.9999974140077509
1230,6,1,0.999741569736955
1237,6,1,0.9999970598421882
1238,6,1,0.9999994766277386
1260,6,1,0.9999976245148167
1264,6,1,0.99999770895146
1265,6,1,0.9999946131040092
1267,6,1,0.9999967203977744
1268,6,1,0.9999977783337055
1272,6,1,0.9999949008522131
1273,6,1,0.9999966909024594
1276,6,1,0.9999980000774897
1277,6,1,0.9999979421082265
1278,6,1,0.9999975610810432
1282,6,1,0.9999976138044977
1283,6,1,0.9944445421328745
1291,6,1,0.9999982900827639
1295,6,1,0.9999984601695767
1298,6,1,0.9999993508733448
1304,6,1,0.9999996137187288
1306,6,1,0.9999979322890353
1321,6,1,0.9999996137187288
1324,6,1,0.9999977909623583
2,7,0,0.0018016374180650724
9,7,0,0.007920612919147413
15,7,0,0.0011879898194818482
16,7,0,0.0035115717292601867
25,7,0,0.00040891950212466725
27,7,0,0.0007831390046306897
29,7,0,0.00024023719573144396
33,7,0,0.0018781736958137709
39,7,0,0.0034296741923774037
47,7,1,0.9989858934322993
54,7,1,0.9998006569354061
57,7,1,0.9993682222704596
64,7,1,0.998072918657021
70,7,1,0.9995455253983194
73,7,1,0.9992658998568638
75,7,1,0.9990675348241312
89,7,1,0.998696674175234
94,7,1,0.9986442273069527
101,7,1,0.999412682451771
107,7,1,0.9972652326357601
112,7,1,0.9999962398826147
118,7,1,0.9998094257581444
122,7,1,0.999878688288098
125,7,1,0.9990136392085769
131,7,1,0.9996328630104191
134,7,1,0.9996832399543565
141,7,1,0.9989337761064128
143,7,1,0.9984108666136394
145,7,1,0.9785818934095462
148,7,1,0.9993332734956267
163,7,1,0.9996960384854974
171,7,1,0.9997889838331734
172,7,1,0.9995117363853695
174,7,1,0.9998351125418209
176,7,1,0.9994414541480567
179,7,1,0.9998302624124941
185,7,1,0.9994854100111106
187,7,1,0.9992810800823465
191,7,1,0.998732702530767
194,7,1,0.9995762125767692
196,7,1,0.9760141052340275
197,7,1,0.9997825847705648
207,7,1,0.9998077341355884
212,7,1,0.9992400479022738
213,7,1,0.9997409459322161
223,7,1,0.9938618997564214
230,7,1,0.9998640505148007
235,7,1,0.9995941264587684
237,7,1,0.9996235310323006
241,7,1,0.9994946390779728
243,7,1,0.999184262407371
254,7,1,0.9992497812272177
260,7,1,0.9998078792023568
261,7,1,0.9995496378007399
273,7,1,0.999744550298281
287,7,1,0.9997026737952545
299,7,1,0.9997972068506141
306,7,1,0.9998964295670658
309,7,1,0.9988858333123588
317,7,1,0.9994995786340273
322,7,1,0.9992706453785066
323,7,1,0.9994557958235795
337,7,1,0.999607429205799
342,7,1,0.9993797987855878
353,7,1,0.9996066038796698
354,7,1,0.9992037827902576
358,7,1,0.9982990758406514
364,7,1,0.9997495724052075
371,7,1,0.9999978606979741
381,7,1,0.9994570516404592
385,7,1,0.9983095966872289
387,7,1,0.9994015576712824
393,7,1,0.999785990685896
398,7,1,0.9999275576213772
408,7,1,0.9993808878841086
421,7,1,0.9998812350181542
422,7,1,0.9997966902679531
423,7,1,0.999729988915458
424,7,1,0.9997310650443488
430,7,1,0.9993949378603958
437,7,1,0.9995831335136446
442,7,1,0.9998966369176826
447,7,1,0.9995190980902879
458,7,1,0.9956563242051454
465,7,1,0.9998326202805178
466,7,1,0.9999978606979741
469,7,1,0.9992105016333097
470,7,1,0.9997724917436587
473,7,1,0.9991275040464213
486,7,1,0.9996303259694023
488,7,1,0.999704675161969
490,7,1,0.9995757060874805
492,7,1,0.9991781703062915
494,7,1,0.9997859639010824
499,7,1,0.9998423302473207
505,7,1,0.9996900584230101
508,7,1,0.9997014082949274
509,7,1,0.9995258820863323
517,7,1,0.9995364552083128
522,7,1,0.9999978606979741
524,7,1,0.9997852640653129
528,7,1,0.9997255715300646
531,7,1,0.9970102437121523
537,7,1,0.9995433431273617
540,7,1,0.9999978606979741
541,7,1,0.9987293178952581
553,7,1,0.9998716887961929
555,7,1,0.9997134464150348
558,7,1,0.9996977395171813
567,7,1,0.999196914642782
572,7,1,0.9993411188173745
576,7,1,0.9997960671811954
578,7,1,0.9991507144996303
581,7,1,0.9999318522118434
587,7,1,0.9986898642716945
588,7,1,0.9989125552538858
592,7,1,0.9997212636085714
595,7,1,0.9996384250358671
601,7,1,0.9996815035665699
603,7,1,0.9887185774063602
607,7,1,0.9994019370137492
609,7,1,0.9996379293681416
616,7,1,0.9997963154427174
618,7,1,0.9999274352078711
626,7,1,0.9996676845373359
629,7,1,0.9999557069443903
630,7,1,0.9999712930972138
642,7,1,0.9999466687763244
643,7,1,0.9993217129215445
651,7,1,0.9997514830935001
659,7,1,0.9997284583826719
660,7,1,0.9996955165873813
664,7,1,0.9997675176191052
667,7,1,0.9992993126876741
673,7,1,0.999446962120004
684,7,1,0.999264580070757
686,7,1,0.9995829701730239
689,7,1,0.9997661606222685
690,7,1,0.9997084820595232
695,7,1,0.9998818041688301
697,7,1,0.999692985126939
707,7,1,0.9995782408579909
708,7,1,0.9997892607572036
711,7,1,0.9999097132971311
720,7,1,0.9994828417955931
721,7,1,0.9994942027886331
725,7,1,0.9997739682956951
732,7,1,0.9998232449351149
735,7,1,0.9993672183648566
737,7,1,0.9632784242946014
742,7,1,0.9996957102565077
745,7,1,0.9995887936421084
749,7,1,0.9999024375901026
750,7,1,0.9997272386228507
756,7,1,0.9998185237118601
761,7,1,0.9992770249211543
762,7,1,0.9997562623223949
765,7,1,0.9993227371829027
772,7,1,0.9997915395848321
787,7,1,0.9999062478996755
807,7,1,0.999487357361542
811,7,1,0.9997108294240499
814,7,1,0.9997508014690452
815,7,1,0.9999731140682807
824,7,1,0.9998080748048425
827,7,1,0.9995530667408609
834,7,1,0.9999933823917503
837,7,1,0.9999977772268407
838,7,1,0.9998830480572565
844,7,1,0.9994675724931072
854,7,1,0.9998449487476138
860,7,1,0.9999940088483069
869,7,1,0.9997532912832688
871,7,1,0.9999987828544985
873,7,1,0.9999218108073185
877,7,1,0.9998606755298911
879,7,1,0.9998131488741923
880,7,1,0.9999025581335085
884,7,1,0.9999965498708151
893,7,1,0.9998781802847445
894,7,1,0.9998604284635926
899,7,1,0.9994781248130071
900,7,1,0.9996641829190006
902,7,1,0.9998243447826566
904,7,1,0.999761135580101
907,7,1,0.9997767533054003
913,7,1,0.9998570929808018
922,7,1,0.9996553559416165
924,7,1,0.999338940228515
929,7,1,0.9997747208664896
930,7,1,0.9999929421376491
931,7,1,0.9996276092496225
936,7,1,0.9996441828993402
938,7,1,0.9999298225842297
939,7,1,0.9996671968398971
940,7,1,0.9996498750237172
942,7,1,0.9998716236117593
943,7,1,0.9687831674649067
948,7,1,0.999208979081989
997,7,1,0.9999493178167859
1004,7,1,0.9999958439660143
1009,7,1,0.9997750773627804
1017,7,1,0.999999081926132
1018,7,1,0.9999944755196462
1019,7,1,0.9999973943369898
1023,7,1,0.9999962783431412
1028,7,1,0.9999940521222397
1030,7,1,0.9999891278037272
1032,7,1,0.9999968536653838
1039,7,1,0.9999960965643204
1042,7,1,0.9999950232775064
1044,7,1,0.9999944736899817
1053,7,1,0.999999081926132
1054,7,1,0.9999939989503125
1057,7,1,0.9999964035295817
1063,7,1,0.999990108091819
1068,7,1,0.999999081926132
1072,7,1,0.9999549632765582
1073,7,1,0.9998669159955864
1077,7,1,0.999999081926132
1082,7,1,0.9999951510835652
1083,7,1,0.9999921391381028
1108,7,1,0.9997602662053993
1110,7,1,0.9999932339198786
1122,7,1,0.9999899003926704
1123,7,1,0.9999945212967948
1125,7,1,0.9999965725689568
1126,7,1,0.999999081926132
1135,7,1,0.9999969569968961
1138,7,1,0.9995010370152303
1145,7,1,0.9999956546391069
1147,7,1,0.9999993075112513
1151,7,1,0.9999968243635166
1161,7,1,0.9999977852311561
1165,7,1,0.9999953634337216
1167,7,1,0.9999926696307461
1169,7,1,0.9999956041221365
1174,7,1,0.9999960648188301
1178,7,1,0.9999978725615742
1182,7,1,0.9999993075112513
1189,7,1,0.9796325236086276
1196,7,1,0.999994873451425
1210,7,1,0.9999972463093221
1212,7,1,0.9999993075112513
1215,7,1,0.9999966584428167
1217,7,1,0.9999947604283802
1229,7,1,0.9999958181809078
1233,7,1,0.9999943650177338
1239,7,1,0.9999975945186156
1246,7,1,0.9886562012920698
1247,7,1,0.9940424253706448
1253,7,1,0.9999993075112513
1261,7,1,0.9999982979910802
1263,7,1,0.9999954071144714
1271,7,1,0.9999973355000339
1279,7,1,0.9999970297999229
1280,7,1,0.9999972582337229
1289,7,1,0.9999988556274992
1292,7,1,0.9999994776666049
1294,7,1,0.9999978976375051
1301,7,1,0.9999986625506276
1316,7,1,0.9884972658346056
1320,7,1,0.9999994776666049
1327,7,1,0.9999986471068583
1328,7,1,0.999997158194449
1330,7,1,0.9999974944135058
0,8,0,0.0004966656141389934
5,8,0,0.0006141286104238395
10,8,0,0.0008200003283588252
20,8,0,0.0014529604743037084
22,8,0,0.00034605213413214594
24,8,0,0.0058605193302784415
30,8,0,0.005709647818202023
41,8,0,0.0007313683014323529
43,8,0,0.0002468237318803761
49,8,1,0.9996354169836345
51,8,1,0.9997949779896834
52,8,1,0.9992201660881452
60,8,1,0.9997409520889895
61,8,1,0.9998430127683495
62,8,1,0.9998427692220812
69,8,1,0.9994129723289283
72,8,1,0.9995807201840502
74,8,1,0.9989514716919856
78,8,1,0.9999285648799864
82,8,1,0.9997052945223488
84,8,1,0.9997333101022172
93,8,1,0.9997903696989354
97,8,1,0.9995202168214916
100,8,1,0.9992167040591498
108,8,1,0.9999968169333364
117,8,1,0.9994482273826513
123,8,1,0.9996589381548101
126,8,1,0.9993628788538136
128,8,1,0.9995989777860254
139,8,1,0.9997229006942024
142,8,1,0.9984976419154807
149,8,1,0.9993698072804539
152,8,1,0.997583379957987
153,8,1,0.9995896729671858
158,8,1,0.9999104887301429
159,8,1,0.9992312543834149
160,8,1,0.9997677218313318
164,8,1,0.9997227774878168
166,8,1,0.9998035006829865
168,8,1,0.999865705523109
169,8,1,0.9991905045858209
181,8,1,0.9992764156037763
189,8,1,0.9998247186835489
199,8,1,0.9997470876807198
203,8,1,0.9990534930438321
204,8,1,0.9996719695585026
209,8,1,0.9997038916261559
216,8,1,0.999635190124239
227,8,1,0.9995401224197281
236,8,1,0.999724675366485
242,8,1,0.9998755264083269
245,8,1,0.9999975394432691
250,8,1,0.9998525753622802
255,8,1,0.9997950827861363
257,8,1,0.9998272476525761
265,8,1,0.9997358876640985
266,8,1,0.9993226624911816
271,8,1,0.9998616673954279
279,8,1,0.9998892471798646
285,8,1,0.9995336499551941
288,8,1,0.9992787186991461
289,8,1,0.9995149913005785
293,8,1,0.999902574866434
298,8,1,0.999703096512113
310,8,1,0.9999526545643111
311,8,1,0.9998344300112363
312,8,1,0.9999203319902843
321,8,1,0.9996707222626897
326,8,1,0.9997603720668995
349,8,1,0.9998714745855815
362,8,1,0.9998410616508939
366,8,1,0.9998830087868722
367,8,1,0.9998276368601346
369,8,1,0.9999980979542455
373,8,1,0.99981052549341
375,8,1,0.9999980979542455
377,8,1,0.9997170316138723
410,8,1,0.9997102839240104
417,8,1,0.9998599157765484
418,8,1,0.9990443774502422
420,8,1,0.9996675041571477
427,8,1,0.9999004502555761
436,8,1,0.9997531232939733
438,8,1,0.9999808883621782
440,8,1,0.9990774896384839
452,8,1,0.9996048539250337
459,8,1,0.9998987049506546
460,8,1,0.999931380154355
463,8,1,0.9993986839086685
467,8,1,0.9995663164860678
468,8,1,0.9997639790499423
475,8,1,0.9999980979542455
478,8,1,0.9994878943964762
480,8,1,0.9999521208084442
489,8,1,0.9994613206597286
500,8,1,0.9998026329049513
507,8,1,0.9994351140204693
512,8,1,0.9995983706527555
514,8,1,0.9995913535626906
516,8,1,0.9998259227293721
518,8,1,0.9995683386634948
523,8,1,0.9996463337849124
533,8,1,0.9996899630668455
538,8,1,0.9997133503513963
546,8,1,0.9997707949583811
550,8,1,0.9995906230445594
554,8,1,0.9996437627681707
562,8,1,0.9999980979542455
563,8,1,0.9999518076286995
568,8,1,0.9996127547031427
577,8,1,0.9995807509091348
579,8,1,0.9998308789165858
582,8,1,0.9997874190657335
583,8,1,0.9991486019610359
586,8,1,0.9997937515349866
596,8,1,0.999812827279778
610,8,1,0.9996583519560566
619,8,1,0.9994571774068546
621,8,1,0.999510968263781
623,8,1,0.9999985296914524
624,8,1,0.9998432549099664
639,8,1,0.9999934263129837
641,8,1,0.9993025132834555
649,8,1,0.9999317525755038
652,8,1,0.9999949031069199
653,8,1,0.9998603847974974
654,8,1,0.9996624162016771
655,8,1,0.999992395706762
656,8,1,0.9993865956887998
661,8,1,0.9998617832137595
671,8,1,0.9996812655084475
672,8,1,0.9998379720903985
675,8,1,0.9997697533080535
677,8,1,0.9999952259860134
685,8,1,0.9998550412349346
700,8,1,0.9997590107063892
703,8,1,0.9997313113639444
704,8,1,0.9998920081610596
709,8,1,0.9997720849271906
710,8,1,0.9956613273731673
716,8,1,0.999855216144662
723,8,1,0.9997963186837102
728,8,1,0.999906301866098
729,8,1,0.9996250539568383
730,8,1,0.9994394565342184
733,8,1,0.999864381471057
738,8,1,0.9996578604732789
744,8,1,0.9998414723418119
748,8,1,0.9998466033991619
751,8,1,0.9995531306670693
754,8,1,0.9996596956108263
760,8,1,0.9999614155014994
769,8,1,0.9997897546469516
779,8,1,0.9997553744402949
781,8,1,0.9997422567321322
789,8,1,0.9997086331397713
791,8,1,0.9999383951074373
794,8,1,0.9993761373632042
797,8,1,0.9996725234610734
800,8,1,0.9998592995069089
805,8,1,0.9998895358783627
808,8,1,0.9999409345950913
809,8,1,0.9997671348871356
828,8,1,0.9998612349914042
833,8,1,0.9997314504404181
835,8,1,0.9999966159104651
840,8,1,0.999810622019282
843,8,1,0.9999577408902667
859,8,1,0.9999057566267288
863,8,1,0.999853065295529
864,8,1,0.9999441733682624
867,8,1,0.9999059315162713
876,8,1,0.9999964333132833
882,8,1,0.9998186182364289
888,8,1,0.9999934908355289
890,8,1,0.9998896892211199
896,8,1,0.9985973914964309
914,8,1,0.9999601482114079
926,8,1,0.9997499290547006
933,8,1,0.999998863430594
947,8,1,0.9998248716017066
953,8,1,0.9997055993568216
955,8,1,0.9999911327427348
958,8,1,0.9999142192644661
963,8,1,0.9999965965159593
965,8,1,0.9995420264373117
971,8,1,0.9999487007457116
974,8,1,0.9997842453691378
976,8,1,0.9994374864111644
985,8,1,0.9999991214157607
987,8,1,0.9999967607769727
990,8,1,0.9989584362973886
999,8,1,0.9817954265972755
1000,8,1,0.9999969754384177
1007,8,1,0.993770931318705
1013,8,1,0.9903442403075039
1015,8,1,0.9999940864817612
1027,8,1,0.9999970228772322
1034,8,1,0.9999964585112873
1038,8,1,0.9999937810476706
1051,8,1,0.9999971765447263
1062,8,1,0.9999991214157607
1064,8,1,0.9999952089686395
1065,8,1,0.9999952856084904
1066,8,1,0.9999967795640086
1067,8,1,0.9999945126572681
1075,8,1,0.9999898119012739
1078,8,1,0.9999916501390146
1084,8,1,0.9999089096280936
1088,8,1,0.9999991214157607
1089,8,1,0.9999025312402071
1090,8,1,0.9999991214157607
1091,8,1,0.9998965783700835
1094,8,1,0.9922603622954322
1099,8,1,0.9960075757104969
1101,8,1,0.9999991214157607
1102,8,1,0.9999991214157607
1104,8,1,0.9999284483901177
1105,8,1,0.9998675181697347
1112,8,1,0.9999991214157607
1114,8,1,0.9999957713423718
1116,8,1,0.9999991214157607
1121,8,1,0.9998319951175272
1132,8,1,0.9999843002383078
1134,8,1,0.9999926157810215
1140,8,1,0.999996405681278
1142,8,1,0.9999963754271078
1146,8,1,0.991935835111717
1150,8,1,0.9999975472063997
1153,8,1,0.9966924456467766
1156,8,1,0.9999984253851263
1170,8,1,0.9829743739450075
1181,8,1,0.9999976229164669
1198,8,1,0.9999993208419863
1199,8,1,0.9999039634951243
1202,8,1,0.9999982176693282
1205,8,1,0.9999982225796376
1207,8,1,0.9999978156314917
1208,8,1,0.9999976754737687
1214,8,1,0.9999993208419863
1216,8,1,0.9999966734342216
1220,8,1,0.9999993208419863
1222,8,1,0.9999993208419863
1228,8,1,0.9999983914831015
1240,8,1,0.9999766476021973
1242,8,1,0.9999976025161804
1245,8,1,0.9999976122870193
1252,8,1,0.9999416305154378
1254,8,1,0.9999970981613956
1258,8,1,0.9592850970998263
1259,8,1,0.9999993208419863
1262,8,1,0.9999993208419863
1275,8,1,0.9999956426141831
1284,8,1,0.9999984622826021
1286,8,1,0.9664557195998591
1296,8,1,0.9999994750012963
1302,8,1,0.9999962400780821
1303,8,1,0.9999974369860826
1307,8,1,0.9999979252721594
1309,8,1,0.9999994750012963
1310,8,1,0.9999973046233595
1312,8,1,0.9999965699074392
1322,8,1,0.999998437651703
1323,8,1,0.9999982846496324
1325,8,1,0.9999951872566815
1329,8,1,0.9991925367619914
6,9,0,0.0013220199264674392
8,9,0,0.00021948023027323934
14,9,0,0.0039695170335253445
28,9,0,0.003024346243650078
32,9,0,0.00047590252566210905
35,9,0,7.17605570586397e-06
38,9,0,0.00017166081634022612
42,9,0,9.5482441315458e-05
44,9,0,3.49422328220498e-06
45,9,1,0.999637596552785
56,9,1,0.9993455372698353
65,9,1,0.9994151471746368
68,9,1,0.9996632541267109
81,9,1,0.9994330152565915
86,9,1,0.9990981787929525
88,9,1,0.9996262382060807
91,9,1,0.9998977614007017
95,9,1,0.9996135082788776
96,9,1,0.9980155487931437
98,9,1,0.9998632656509162
103,9,1,0.9987429690051757
109,9,1,0.999211739109192
120,9,1,0.9994795995932979
124,9,1,0.9998703280119803
127,9,1,0.9924210567632131
129,9,1,0.9996762424607378
135,9,1,0.9992103845190342
138,9,1,0.9994555729960312
144,9,1,0.9988667234029269
146,9,1,0.9996054124461284
147,9,1,0.9995752043951527
155,9,1,0.9996627847507331
157,9,1,0.9998736340975559
165,9,1,0.9989789815356351
173,9,1,0.997734544730701
183,9,1,0.9996433623382817
186,9,1,0.9998298880950942
193,9,1,0.9997095507122716
201,9,1,0.9989678944768061
202,9,1,0.9995913426823161
205,9,1,0.999565269691005
214,9,1,0.9995980403176897
218,9,1,0.9995963599968715
222,9,1,0.99962785150885
224,9,1,0.9953337166690592
226,9,1,0.9995801526436491
228,9,1,0.999477002266195
229,9,1,0.9984703729064348
231,9,1,0.9993644287240909
233,9,1,0.9998097382563794
238,9,1,0.9995056108821793
244,9,1,0.99915818325274
246,9,1,0.9998226073328147
249,9,1,0.9997487166246366
251,9,1,0.9997758672150416
259,9,1,0.9999980171867988
267,9,1,0.9996335183276849
269,9,1,0.9997505232110767
275,9,1,0.9982721170444078
276,9,1,0.9997964237912147
281,9,1,0.9993312765914454
296,9,1,0.9997081840640776
297,9,1,0.9994500657811709
304,9,1,0.9981332606633676
307,9,1,0.9997542197403635
313,9,1,0.9995703964830154
316,9,1,0.9991875238948564
324,9,1,0.9995615823038557
327,9,1,0.9992617480709126
328,9,1,0.9996516674549059
330,9,1,0.9994794617600906
331,9,1,0.9996460977335015
335,9,1,0.9994642880534869
347,9,1,0.999829004314768
351,9,1,0.9999985287968141
352,9,1,0.9998489197200996
361,9,1,0.99988159361145
370,9,1,0.9997766563438905
372,9,1,0.9998379904485124
379,9,1,0.9993256984519998
380,9,1,0.9998738814769974
383,9,1,0.9998193880394648
384,9,1,0.9997489906582468
386,9,1,0.9996428249364145
388,9,1,0.9998071695615328
391,9,1,0.9994769334012089
392,9,1,0.9998175911454692
399,9,1,0.9999420007280483
400,9,1,0.9996325541690663
401,9,1,0.9994427591404226
407,9,1,0.9999985287968141
409,9,1,0.9994921896651369
415,9,1,0.9994386706478512
416,9,1,0.9992755832717214
419,9,1,0.9997381522558331
434,9,1,0.9991285348508936
435,9,1,0.9992411985334214
441,9,1,0.9994548371582409
445,9,1,0.999579275637925
448,9,1,0.9996884656171316
456,9,1,0.9996789200848816
472,9,1,0.9998536565410949
477,9,1,0.9995708311732776
487,9,1,0.9999642408025987
495,9,1,0.9999096843603693
504,9,1,0.9997674220737279
506,9,1,0.999214658054164
513,9,1,0.9998832302200368
515,9,1,0.9996274807283528
526,9,1,0.9986646791090864
530,9,1,0.9995673957495963
535,9,1,0.9999200846704788
545,9,1,0.9999238553900597
547,9,1,0.9995570871867677
557,9,1,0.9990203575515346
559,9,1,0.9990291961593012
570,9,1,0.9995629273866776
584,9,1,0.9997676207056347
585,9,1,0.9986673440056079
589,9,1,0.9995704737855426
593,9,1,0.9996627949419532
602,9,1,0.9995830179734163
604,9,1,0.9998522168244571
605,9,1,0.9998261170865501
606,9,1,0.9999989084001825
612,9,1,0.9996376451892756
622,9,1,0.9997839271602923
632,9,1,0.9998306927951561
636,9,1,0.9998293006191821
638,9,1,0.999994705877654
644,9,1,0.9998857794303835
645,9,1,0.9992910433030526
658,9,1,0.9986834142824852
662,9,1,0.9999718330009721
669,9,1,0.9982276529323324
676,9,1,0.9996526587417031
683,9,1,0.9997447599736741
692,9,1,0.9997963074101887
694,9,1,0.99991924529421
699,9,1,0.999895588545549
713,9,1,0.9999482565517707
715,9,1,0.9999989084001825
718,9,1,0.9998278217773867
724,9,1,0.9998246617666681
726,9,1,0.9997054885066227
734,9,1,0.9995510675289279
743,9,1,0.9997695958853757
747,9,1,0.999648913746822
753,9,1,0.9999592846569053
755,9,1,0.9996976235830336
757,9,1,0.9997268268298777
764,9,1,0.9996916958785391
770,9,1,0.9998954368347087
776,9,1,0.9990908757087842
782,9,1,0.9995861768140463
784,9,1,0.9999371413622062
788,9,1,0.9996318112230532
790,9,1,0.9992656513182128
793,9,1,0.9994629383919229
795,9,1,0.9998262867223594
810,9,1,0.9999455456704442
816,9,1,0.999192002865429
817,9,1,0.9997874527637404
820,9,1,0.9995055853473936
830,9,1,0.9999946957816199
842,9,1,0.9997897773739446
845,9,1,0.999663686411799
856,9,1,0.9999991900574602
861,9,1,0.8873427357830165
865,9,1,0.9998510089113121
875,9,1,0.9998928753004377
878,9,1,0.999516570603844
889,9,1,0.999952565694173
892,9,1,0.9997810870540836
901,9,1,0.999861282560581
906,9,1,0.9995557187033132
908,9,1,0.9998354342372454
909,9,1,0.9999953592773646
915,9,1,0.9995738476910045
917,9,1,0.9998086073981967
923,9,1,0.9998893857933778
932,9,1,0.9996953871332209
941,9,1,0.9998330341217545
945,9,1,0.9999953777567133
949,9,1,0.999812363266094
954,9,1,0.9998959448946566
960,9,1,0.9999991900574602
964,9,1,0.9996121048393247
966,9,1,0.9998432694363791
967,9,1,0.9998789526749361
969,9,1,0.9998469181661912
972,9,1,0.9996893362615953
973,9,1,0.999814750680484
975,9,1,0.9999699530027257
978,9,1,0.9998620682120156
980,9,1,0.9996999065751706
988,9,1,0.99999723322797
993,9,1,0.9287588741674425
1003,9,1,0.9999993990408761
1006,9,1,0.9923028804260156
1008,9,1,0.9999960564386867
1010,9,1,0.9999588223743074
1016,9,1,0.9999585028518584
1020,9,1,0.9999907254652106
1025,9,1,0.999996104067463
1029,9,1,0.9999931479014805
1041,9,1,0.9999951347235123
1049,9,1,0.9999720204127153
1069,9,1,0.9999633022308562
1074,9,1,0.999997199087494
1079,9,1,0.9999993990408761
1092,9,1,0.965445525370812
1097,9,1,0.9998459283635309
1098,9,1,0.9999993990408761
1100,9,1,0.9999993990408761
1106,9,1,0.999791279590999
1109,9,1,0.9999993990408761
1115,9,1,0.9999903086978814
1117,9,1,0.9999971252484058
1118,9,1,0.999996639077346
1131,9,1,0.9999961462361749
1136,9,1,0.9999936251299659
1143,9,1,0.999996143285498
1148,9,1,0.9999987442896164
1155,9,1,0.9976075552539111
1159,9,1,0.9999995541018881
1162,9,1,0.98272743041019
1164,9,1,0.963283453638446
1168,9,1,0.9999969007028531
1171,9,1,0.9840112501494128
1180,9,1,0.9688731175747323
1186,9,1,0.99999833873468
1187,9,1,0.9999985155629811
1188,9,1,0.9999955436822813
1192,9,1,0.999996853035672
1194,9,1,0.9999995541018881
1195,9,1,0.9999970168546392
1197,9,1,0.9973261446082627
1206,9,1,0.9994949849112286
1213,9,1,0.9999995541018881
1219,9,1,0.9999976698170802
1221,9,1,0.9999955300390331
1224,9,1,0.9999976327337703
1226,9,1,0.9999440277067867
1231,9,1,0.9999980622201139
1232,9,1,0.9999954863754162
1234,9,1,0.9999983361263813
1235,9,1,0.9999995541018881
1243,9,1,0.9999962130875366
1244,9,1,0.9999953962463879
1248,9,1,0.9999979968210918
1250,9,1,0.9999547246208932
1257,9,1,0.9999985615000901
1269,9,1,0.9999980504478763
1274,9,1,0.9999973412032188
1287,9,1,0.992710703274347
1288,9,1,0.9999990828425326
1293,9,1,0.9999961473091346
1297,9,1,0.9999976632012985
1300,9,1,0.9999968901838144
1311,9,1,0.9999980272180476
1314,9,1,0.9999977796123679
1317,9,1,0.999998805449886
1318,9,1,0.9999980206414659
1319,9,1,0.9999977936975776
1326,9,1,0.9999956629231146
